variant,ncores,matrixname,nchromosomes,usertime,systemtime,elapsedtime,loadtime,computetime,maxresident,avgresident,majorpagefaults,minorpagefaults,volcontextswitches,involcontextswitches,fsin,fsout,memiter,memloading,memafter
ICE,1,25kb_raw.h5,25,2092.34,358.54,7812.18,,,89799492,0,243,102605454,130080,7538,2377432,12403080,110,,
KR,1,25kb_raw.h5,25,2064.79,2176.76,4259,,,112704528,0,0,765103846,133,65073,0,12299760,86,,
ICE,1,50kb_raw.h5,25,1131.84,223.88,3656.96,,,69222404,0,0,75229003,77763,166811,0,8387344,,,
KR,1,50kb_raw.h5,25,1212.76,1301.80,2511.13,,,77617848,0,0,508043721,232,71431,0,8332152,,,
RUST,1,25kb_raw.h5,25,2773.46,830.01,3614,470.50711131095886,2259.2472627162933,118629644,0,0,207995043,2228,195438,0,12422752,57,17,34
RUST,1,50kb_raw.h5,25,1376.70,467.44,1848.84,347.09933519363403,1080.032832622528,81691668,0,0,143139276,139,90833,0,8387944,39,12,23
